{
    "1": {
        "depth_cutoffs": [
            26.097097116019086,
            85.19934646700348
        ],
        "sig0_cutoffs": [
            24.119034048569933,
            25.293068239301874
        ]
    },
    "2": {
        "depth_cutoffs": [
            30.22741174833166,
            186.86036353514118
        ],
        "sig0_cutoffs": [
            24.629459626235786,
            26.638738183551933
        ]
    },
    "3": {
        "depth_cutoffs": [
            27.213220596883733,
            176.08554503865946
        ],
        "sig0_cutoffs": [
            24.25171406871839,
            26.804831119015653
        ]
    },
    "4": {
        "depth_cutoffs": [
            30.266435146463408,
            168.9875962344207
        ],
        "sig0_cutoffs": [
            24.547248253224435,
            26.841137161700107
        ]
    },
    "5": {
        "depth_cutoffs": [
            36.198235006704564,
            159.87553794627848
        ],
        "sig0_cutoffs": [
            24.52125612155552,
            26.85653741879727
        ]
    },
    "6": {
        "depth_cutoffs": [
            34.75056063341501,
            157.95709378825006
        ],
        "sig0_cutoffs": [
            24.415160053215445,
            26.75348830694067
        ]
    },
    "7": {
        "depth_cutoffs": [
            34.06572873091955,
            169.32671045662954
        ],
        "sig0_cutoffs": [
            24.235028850172046,
            26.699326783608946
        ]
    },
    "8": {
        "depth_cutoffs": [
            28.08704754320266,
            196.60933280241863
        ],
        "sig0_cutoffs": [
            23.9203307686601,
            26.60720912939509
        ]
    },
    "9": {
        "depth_cutoffs": [
            36.74363898791519,
            181.6185584259808
        ],
        "sig0_cutoffs": [
            23.534085954143375,
            26.384152216511865
        ]
    },
    "10": {
        "depth_cutoffs": [
            35.554748688411536,
            193.01149287994832
        ],
        "sig0_cutoffs": [
            23.761358550308714,
            26.334306367284007
        ]
    },
    "11": {
        "depth_cutoffs": [
            38.108430772496455,
            205.58495548320454
        ],
        "sig0_cutoffs": [
            23.422176994060777,
            26.17641567637855
        ]
    },
    "12": {
        "depth_cutoffs": [
            39.058961172464564,
            189.71495426625646
        ],
        "sig0_cutoffs": [
            23.779148460301705,
            26.112169935434213
        ]
    },
    "13": {
        "depth_cutoffs": [
            31.52294193118138,
            179.68076900773386
        ],
        "sig0_cutoffs": [
            23.747684867577274,
            26.003895112382082
        ]
    },
    "14": {
        "depth_cutoffs": [
            47.063921887641335,
            214.4023108214772
        ],
        "sig0_cutoffs": [
            24.484914226637027,
            26.015906911068807
        ]
    },
    "15": {
        "depth_cutoffs": [
            56.6579491267739,
            303.2249499562529
        ],
        "sig0_cutoffs": [
            23.938591197680598,
            26.02812870395391
        ]
    },
    "16": {
        "depth_cutoffs": [
            60.45299425694844,
            288.64176131134536
        ],
        "sig0_cutoffs": [
            23.89334839302264,
            26.089706129919335
        ]
    },
    "17": {
        "depth_cutoffs": [
            48.28215873775287,
            419.84485858915536
        ],
        "sig0_cutoffs": [
            22.912812192701793,
            26.55324086762303
        ]
    },
    "18": {
        "depth_cutoffs": [
            62.029292023420034,
            475.5579055128869
        ],
        "sig0_cutoffs": [
            23.045229675394886,
            26.71955037096061
        ]
    },
    "19": {
        "depth_cutoffs": [
            41.95630155396042,
            430.3210415790812
        ],
        "sig0_cutoffs": [
            21.951340414694712,
            26.816750291642506
        ]
    },
    "20": {
        "depth_cutoffs": [
            32.02291396764662,
            214.15323715863678
        ],
        "sig0_cutoffs": [
            21.50685613458827,
            26.518398416123087
        ]
    },
    "21": {
        "depth_cutoffs": [
            26.860279043098465,
            150.41756264135142
        ],
        "sig0_cutoffs": [
            21.05049557513157,
            26.50632901939957
        ]
    },
    "22": {
        "depth_cutoffs": [
            24.069143270261126,
            168.48400289182788
        ],
        "sig0_cutoffs": [
            20.826254474777123,
            26.52655252178139
        ]
    },
    "23": {
        "depth_cutoffs": [
            36.356981965113896,
            192.17261895845917
        ],
        "sig0_cutoffs": [
            20.86793477017434,
            26.516854959146453
        ]
    },
    "25": {
        "depth_cutoffs": [
            55.252942371425334,
            266.21872233504934
        ],
        "sig0_cutoffs": [
            21.369207727324852,
            26.654971284914904
        ]
    },
    "27": {
        "depth_cutoffs": [
            50.503086408078154,
            206.22093616631915
        ],
        "sig0_cutoffs": [
            21.944651790000442,
            26.45471632058726
        ]
    },
    "29": {
        "depth_cutoffs": [
            104.51930057286921,
            209.03860114573843
        ],
        "sig0_cutoffs": [
            23.114801933700935,
            26.312429810962815
        ]
    },
    "31": {
        "depth_cutoffs": [
            112.92963381188567,
            179.57663081562146
        ],
        "sig0_cutoffs": [
            22.96432403428021,
            26.294571608248265
        ]
    },
    "33": {
        "depth_cutoffs": [
            122.38965437056943,
            215.98174300688723
        ],
        "sig0_cutoffs": [
            23.170865563148087,
            26.32069971896412
        ]
    },
    "34": {
        "depth_cutoffs": [
            82.72932966044968,
            299.7439480451075
        ],
        "sig0_cutoffs": [
            22.879855520197218,
            26.592589191406006
        ]
    },
    "35": {
        "depth_cutoffs": [
            41.43744452516256,
            390.20260261194744
        ],
        "sig0_cutoffs": [
            22.90760737996625,
            26.806092213187505
        ]
    },
    "36": {
        "depth_cutoffs": [
            44.029234303042216,
            398.35973893228675
        ],
        "sig0_cutoffs": [
            23.291927684468224,
            26.70606759319466
        ]
    },
    "37": {
        "depth_cutoffs": [
            5.404034777418561,
            473.7537154870272
        ],
        "sig0_cutoffs": [
            22.97136172458294,
            26.824440663436295
        ]
    },
    "38": {
        "depth_cutoffs": [
            117.06534680876014,
            493.2753502283654
        ],
        "sig0_cutoffs": [
            23.96484336014319,
            26.853784993756594
        ]
    },
    "39": {
        "depth_cutoffs": [
            113.45655571897787,
            483.2408854697205
        ],
        "sig0_cutoffs": [
            24.259351913291315,
            26.71592283060285
        ]
    },
    "183": {
        "depth_cutoffs": [
            12.792388763404084,
            424.2808939862354
        ],
        "sig0_cutoffs": [
            22.41871821558227,
            26.747127090026805
        ]
    },
    "186": {
        "depth_cutoffs": [
            61.98650104920928,
            426.1571947133138
        ],
        "sig0_cutoffs": [
            22.49966636434798,
            26.743445764524946
        ]
    }
}